{
  "config": {
    "obs_dir": "/tmp/schedule_calibration/observations",
    "n_observations": 32,
    "n_seeds": 5,
    "base_seed": 42,
    "n_runs": 160,
    "model_path": "nvidia/GR00T-N1.6-3B",
    "embodiment_tag": "robocasa_panda_omron",
    "action_horizon": 50,
    "action_dim": 128
  },
  "per_step": {
    "0": {
      "tau": 0.0,
      "total_energy": 8.089219093322754,
      "peak_freq_bin": 0,
      "spectral_centroid": 19.04900663625449,
      "energy_50pct_bins": 19,
      "energy_90pct_bins": 44,
      "avg_spectrum": [
        1.716231107711792,
        0.22996361553668976,
        0.18582889437675476,
        0.1275974065065384,
        0.13410601019859314,
        0.1670609712600708,
        0.11491968482732773,
        0.13941822946071625,
        0.1308804750442505,
        0.08714607357978821,
        0.10800303518772125,
        0.12579874694347382,
        0.12063765525817871,
        0.13046374917030334,
        0.14397063851356506,
        0.11268951743841171,
        0.14647790789604187,
        0.11260129511356354,
        0.10970216989517212,
        0.11192824691534042,
        0.1511612832546234,
        0.13535800576210022,
        0.14865094423294067,
        0.11976467072963715,
        0.1721506267786026,
        0.1253618448972702,
        0.13555245101451874,
        0.1264875829219818,
        0.12560059130191803,
        0.13413916528224945,
        0.11351766437292099,
        0.19684110581874847,
        0.08362697064876556,
        0.09599194675683975,
        0.1263287365436554,
        0.10159287601709366,
        0.11945788562297821,
        0.1159883514046669,
        0.16455179452896118,
        0.1338929831981659,
        0.11016012728214264,
        0.1267888993024826,
        0.12391835451126099,
        0.1218843013048172,
        0.12234487384557724,
        0.10370036214590073,
        0.15030960738658905,
        0.09135985374450684,
        0.12216190993785858,
        0.13514764606952667
      ],
      "std_spectrum": [
        0.2140108048915863,
        0.06192623823881149,
        0.05001923441886902,
        0.04260746389627457,
        0.0420302078127861,
        0.057644881308078766,
        0.07261698693037033,
        0.025231370702385902,
        0.046563610434532166,
        0.02745092287659645,
        0.024118909612298012,
        0.039963249117136,
        0.04322649538516998,
        0.07912983000278473,
        0.049957580864429474,
        0.028555171564221382,
        0.055487655103206635,
        0.02238183468580246,
        0.018099473789334297,
        0.042967066168785095,
        0.02474597468972206,
        0.03706414997577667,
        0.0494602806866169,
        0.050835493952035904,
        0.057103317230939865,
        0.06171058863401413,
        0.04530980437994003,
        0.052136775106191635,
        0.049374401569366455,
        0.049738626927137375,
        0.04697732254862785,
        0.05583827197551727,
        0.04573764279484749,
        0.021669432520866394,
        0.04029626026749611,
        0.04226937144994736,
        0.04355935379862785,
        0.02893642522394657,
        0.018517522141337395,
        0.044601116329431534,
        0.027897480875253677,
        0.05698131397366524,
        0.05599808320403099,
        0.04255010932683945,
        0.02703653834760189,
        0.02462277002632618,
        0.018839221447706223,
        0.008979042060673237,
        0.05089831352233887,
        0.040019530802965164
      ]
    },
    "1": {
      "tau": 0.25,
      "total_energy": 8.333218574523926,
      "peak_freq_bin": 0,
      "spectral_centroid": 18.298372697085142,
      "energy_50pct_bins": 17,
      "energy_90pct_bins": 44,
      "avg_spectrum": [
        1.9166473150253296,
        0.26466864347457886,
        0.2466236799955368,
        0.13053779304027557,
        0.13198944926261902,
        0.17912915349006653,
        0.11368750035762787,
        0.13679948449134827,
        0.12928184866905212,
        0.0853804349899292,
        0.10694005340337753,
        0.1248302012681961,
        0.11942911148071289,
        0.1301923245191574,
        0.14208504557609558,
        0.11159330606460571,
        0.1451478898525238,
        0.11064741760492325,
        0.10897482931613922,
        0.11181037127971649,
        0.14946821331977844,
        0.1343119740486145,
        0.14650309085845947,
        0.11850607395172119,
        0.17018339037895203,
        0.12376244366168976,
        0.13418078422546387,
        0.12452314794063568,
        0.12427971512079239,
        0.13129207491874695,
        0.11228297650814056,
        0.19438807666301727,
        0.08253523707389832,
        0.09520430117845535,
        0.1247563362121582,
        0.09957556426525116,
        0.11787344515323639,
        0.11483244597911835,
        0.16268566250801086,
        0.13246087729930878,
        0.10902851819992065,
        0.12614762783050537,
        0.12381373345851898,
        0.120450459420681,
        0.12134164571762085,
        0.10225412994623184,
        0.14784428477287292,
        0.08962079137563705,
        0.12076450884342194,
        0.1319502294063568
      ],
      "std_spectrum": [
        0.21848495304584503,
        0.060914020985364914,
        0.04901599511504173,
        0.03951398283243179,
        0.04239266365766525,
        0.056898389011621475,
        0.07108132541179657,
        0.02490936405956745,
        0.044101979583501816,
        0.02722220867872238,
        0.023994997143745422,
        0.03925679996609688,
        0.04329412430524826,
        0.07886117696762085,
        0.049120645970106125,
        0.027992678806185722,
        0.05523019656538963,
        0.02077315002679825,
        0.017215844243764877,
        0.04201671853661537,
        0.02426709420979023,
        0.03676668182015419,
        0.048467908054590225,
        0.05019409582018852,
        0.05549727752804756,
        0.06124065816402435,
        0.04458576813340187,
        0.05210386589169502,
        0.04927927255630493,
        0.04854077845811844,
        0.046722784638404846,
        0.05506998673081398,
        0.04444638639688492,
        0.021633779630064964,
        0.039703432470560074,
        0.04160818085074425,
        0.043029382824897766,
        0.028969524428248405,
        0.01857895404100418,
        0.044073380529880524,
        0.027519116178154945,
        0.05707014352083206,
        0.05559426546096802,
        0.041366662830114365,
        0.02740667015314102,
        0.02401280589401722,
        0.01850699447095394,
        0.008818275295197964,
        0.050884686410427094,
        0.039168085902929306
      ]
    },
    "2": {
      "tau": 0.5,
      "total_energy": 8.703003883361816,
      "peak_freq_bin": 0,
      "spectral_centroid": 17.14192439056933,
      "energy_50pct_bins": 15,
      "energy_90pct_bins": 43,